20180821_110339.969_0x0EDA02B0.png;10c6h5s
20180821_104248.505_0x0EDA02B0.png;JdQd3c
20180821_115017.594_0x0EDA02B0.png;3h6hAh
20180821_110622.577_0x1CFF023A.png;6s5s2h
20180821_093714.230_0x1FE201D8.png;Qs10h9s
20180821_120110.685_0x0EDA02B0.png;8d10c9h
20180821_113418.766_0x1CFF023A.png;5d2dAc
20180821_104849.385_0x0EDA02B0.png;2h3h4s
20180821_115906.894_0x0EDA02B0.png;KsQc3s
20180821_115922.962_0x1FE201D8.png;7d5s4h
20180821_060003.065_0x173E0290.png;5s8d9h
20180821_113727.714_0x1CFF023A.png;5s10cQc
20180821_114656.986_0x1CFF023A.png;Ks6s9d
20180821_093516.072_0x1FE201D8.png;8h3cJs
20180821_111937.179_0x0EDA02B0.png;8h7dQh
20180821_110325.306_0x1CFF023A.png;9s3s8s
20180821_111844.316_0x0EDA02B0.png;7s7h4s
20180821_114041.864_0x1CFF023A.png;5hQh7h
20180821_104600.824_0x0EDA02B0.png;8d2h7s
20180821_111643.319_0x0EDA02B0.png;6cQs10c
20180821_115808.928_0x1FE201D8.png;Qh4cAs
20180821_113501.953_0x1CFF023A.png;3h9h5d
20180821_100903.525_0x1FE201D8.png;5s4hJc
20180821_093622.029_0x0EDA02B0.png;10c3s9s
20180821_112045.307_0x0EDA02B0.png;10cAs5d
20180821_111106.002_0x1CFF023A.png;5d5h3s
20180821_110033.570_0x1CFF023A.png;2c9s9d
20180821_105038.580_0x0EDA02B0.png;5h5d7s
20180821_120039.381_0x1CFF023A.png;Ad3s10s
20180821_093307.189_0x1FE201D8.png;Qd9c7s
20180821_115700.922_0x1FE201D8.png;10dJh7c
20180821_113207.953_0x0EDA02B0.png;9d9c5d
20180821_120340.438_0x1CFF023A.png;9d6sQh
20180821_100304.831_0x0EDA02B0.png;3s4sJs
20180821_111952.707_0x1CFF023A.png;5d4s7s
20180821_114118.953_0x1FE201D8.png;7d6d8d
20180821_110321.418_0x1FE201D8.png;10dJc8h
20180821_120215.110_0x0EDA02B0.png;3c7c6h
20180821_104404.277_0x1FE201D8.png;10c3s2d
20180821_113642.555_0x1FE201D8.png;4s9c7s
20180821_095119.701_0x1FE201D8.png;8s9hAd
20180821_113520.691_0x1FE201D8.png;3c7d5h
20180821_103045.835_0x0EDA02B0.png;Kh8dJc
20180821_094128.878_0x1FE201D8.png;3cJc9dAh
20180821_100127.029_0x1FE201D8.png;2hAs4d
20180821_105545.545_0x1FE201D8.png;JsKd9c
20180821_114925.507_0x0EDA02B0.png;7cKs6h
20180821_104025.223_0x1CFF023A.png;10cKsQh
20180821_110234.571_0x1CFF023A.png;Qh2c6c
20180821_112719.679_0x0EDA02B0.png;10h2s5h
20180821_115111.444_0x0EDA02B0.png;2s8c9d
20180821_094036.670_0x1FE201D8.png;Kh2s2d
20180821_112701.166_0x1CFF023A.png;9d6sJs
20180821_114811.462_0x1FE201D8.png;Jh8d3d
20180821_104505.631_0x1CFF023A.png;9c5h9s
20180821_112615.941_0x1CFF023A.png;Js2d10h
20180821_102515.910_0x0EDA02B0.png;5c4d3dQh
20180821_113013.034_0x1CFF023A.png;10s6s3d
20180821_101110.672_0x1FE201D8.png;3c6c8c
20180821_110114.431_0x1FE201D8.png;6c7h9h
20180821_120727.213_0x0EDA02B0.png;KdAd9sQc
20180821_103752.890_0x1FE201D8.png;5s9c4h
20180821_120745.048_0x1CFF023A.png;6dKdAs
20180821_120743.713_0x1FE201D8.png;8c9d3h
20180821_115640.484_0x1CFF023A.png;8dAsQc2c8s
20180821_105115.879_0x1CFF023A.png;8s8dQh
20180821_091126.795_0x0EDA02B0.png;7hQs5s
20180821_093525.214_0x0EDA02B0.png;4s7h3s
20180821_114016.612_0x0EDA02B0.png;7h4cAd
20180821_105550.077_0x0EDA02B0.png;2d2c6h
20180821_104137.556_0x1CFF023A.png;7h3d5h
20180821_101825.311_0x0EDA02B0.png;5sQs8h
20180821_105417.843_0x1CFF023A.png;9c9d3h
20180821_101816.460_0x1FE201D8.png;7c8d6s
20180821_112756.703_0x1CFF023A.png;6sJsKh
20180821_102555.915_0x1CFF023A.png;Ac10h6c
20180821_105910.169_0x1CFF023A.png;3d4sKd
20180821_110639.862_0x0EDA02B0.png;KhAsAh
20180821_105449.554_0x0EDA02B0.png;Qc5h2hQd
20180821_103314.225_0x0EDA02B0.png;2s3dAh
20180821_102811.310_0x0EDA02B0.png;Kc10h2h
20180821_103626.001_0x1CFF023A.png;KhQh5c
20180821_112832.312_0x0EDA02B0.png;JhAc8d
20180821_102328.773_0x1FE201D8.png;7dJc6sAh5s
20180821_100940.505_0x0EDA02B0.png;5s6sQd
20180821_110443.013_0x1FE201D8.png;6cKc2c8s8h
20180821_115259.926_0x0EDA02B0.png;2h4c3s
20180821_114835.400_0x0EDA02B0.png;4hKhAh
20180821_101433.475_0x0EDA02B0.png;JhQdJc
20180821_091842.811_0x0EDA02B0.png;6cAcJs
20180821_105219.308_0x1FE201D8.png;Ad10cJh
20180821_115153.965_0x0EDA02B0.png;9cQh3c
20180821_101342.944_0x0EDA02B0.png;5hQd8h
20180821_114130.507_0x1CFF023A.png;8h8c9h
20180821_113838.861_0x1CFF023A.png;Js10s8d
20180821_114959.929_0x1FE201D8.png;9c3c8d
20180821_092326.632_0x0EDA02B0.png;KcJdKh
20180821_105310.199_0x1CFF023A.png;Ad3h10d
20180821_105453.557_0x1FE201D8.png;Kd4d10d
20180821_105212.467_0x1CFF023A.png;4c5s10d
20180821_103528.437_0x1FE201D8.png;KhJd5h
20180821_111814.694_0x1CFF023A.png;2sQs10h10c
20180821_113257.451_0x1CFF023A.png;Kh8c7d
20180821_064009.827_0x1934025E.png;JsAh10sQsKc
20180821_102955.799_0x1CFF023A.png;KdAd7d
20180821_103823.299_0x0EDA02B0.png;6cAd4c
20180821_101517.124_0x0EDA02B0.png;Ac3s6h
20180821_084134.865_0x240C023E.png;Kh3d2d10c
20180821_092548.239_0x0EDA02B0.png;8c9s6s
20180821_120841.137_0x0EDA02B0.png;4hQd7s
20180821_101438.292_0x1CFF023A.png;8d2dAc
20180821_112343.404_0x0EDA02B0.png;AcKc10d6s
20180821_115708.874_0x0EDA02B0.png;9hKs6d
